sample_id,label,measure,lich,manh,son,tienanh,vudinhsonlam,agree
BDD10,traffic_light,count,0,1,0,0,0,0
BDD10,traffic_light,attr:needs_review,,true,,,,0
BDD10,traffic_light,attr:pictogram,,unknown,,,,0
BDD10,traffic_light,attr:relevance,,unknown,,,,0
BDD10,traffic_light,attr:state,,unknown,,,,0
BDD15,traffic_light,count,0,1,1,2,2,0
BDD15,traffic_light,attr:needs_review,,false,true,true|true,false|true,0
BDD15,traffic_light,attr:pictogram,,circle,circle,circle|circle,circle|unknown,0
BDD15,traffic_light,attr:relevance,,relevant,unknown,relevant|unknown,unknown|unknown,0
BDD15,traffic_light,attr:state,,unknown,yellow,green|unknown,red|unknown,0
LISA01,traffic_light,count,3,5,7,5,4,0
LISA01,traffic_light,attr:needs_review,false|false|false,false|false|false|false|false,false|false|false|true|true|true|true,false|false|false|true|true,false|false|false|true,0
LISA01,traffic_light,attr:pictogram,__undefined__|__undefined__|__undefined__,arrow_left|circle|circle|circle|circle,arrow_left|circle|circle|unknown|unknown|unknown|unknown,arrow_left|circle|circle|circle|circle,arrow_left|circle|circle|circle,0
LISA01,traffic_light,attr:relevance,__undefined__|__undefined__|__undefined__,not_relevant|not_relevant|relevant|relevant|relevant,not_relevant|relevant|relevant|unknown|unknown|unknown|unknown,not_relevant|relevant|relevant|unknown|unknown,not_relevant|not_relevant|not_relevant|relevant,0
LISA01,traffic_light,attr:state,__undefined__|__undefined__|__undefined__,red|red|red|red|red,red|red|red|red|red|red|red,red|red|red|red|red,red|red|red|red,0
LISA02,traffic_light,count,3,5,7,5,4,0
LISA02,traffic_light,attr:needs_review,false|false|false,false|false|false|false|false,false|false|false|true|true|true|true,false|false|false|true|true,false|false|false|false,0
LISA02,traffic_light,attr:pictogram,__undefined__|__undefined__|__undefined__,arrow_left|circle|circle|circle|circle,arrow_left|circle|circle|circle|unknown|unknown|unknown,arrow_left|circle|circle|circle|circle,arrow_left|circle|circle|circle,0
LISA02,traffic_light,attr:relevance,__undefined__|__undefined__|__undefined__,not_relevant|not_relevant|relevant|relevant|relevant,not_relevant|relevant|relevant|unknown|unknown|unknown|unknown,not_relevant|relevant|relevant|unknown|unknown,not_relevant|not_relevant|not_relevant|relevant,0
LISA02,traffic_light,attr:state,__undefined__|__undefined__|__undefined__,red|red|red|red|red,red|red|red|red|red|red|unknown,red|red|red|red|red,red|red|red|red,0
LISA20,traffic_light,count,3,5,7,5,4,0
LISA20,traffic_light,attr:needs_review,false|false|false,false|false|false|false|false,false|false|false|true|true|true|true,false|false|false|true|true,false|false|false|false,0
LISA20,traffic_light,attr:pictogram,__undefined__|__undefined__|__undefined__,arrow_left|circle|circle|circle|circle,arrow_left|circle|circle|circle|circle|unknown|unknown,arrow_left|circle|circle|circle|circle,arrow_left|circle|circle|circle,0
LISA20,traffic_light,attr:relevance,__undefined__|__undefined__|__undefined__,not_relevant|not_relevant|relevant|relevant|relevant,not_relevant|relevant|relevant|unknown|unknown|unknown|unknown,not_relevant|relevant|relevant|unknown|unknown,not_relevant|not_relevant|not_relevant|relevant,0
LISA20,traffic_light,attr:state,__undefined__|__undefined__|__undefined__,green|green|green|green|red,green|green|green|green|red|red|unknown,green|green|green|green|red,green|green|green|red,0
LISA21,traffic_light,count,3,5,7,5,4,0
LISA21,traffic_light,attr:needs_review,false|false|false,false|false|false|false|false,false|false|false|true|true|true|true,false|false|false|true|true,false|false|false|false,0
LISA21,traffic_light,attr:pictogram,__undefined__|__undefined__|__undefined__,arrow_left|circle|circle|circle|circle,arrow_left|circle|circle|circle|circle|unknown|unknown,arrow_left|circle|circle|circle|circle,arrow_left|circle|circle|circle,0
LISA21,traffic_light,attr:relevance,__undefined__|__undefined__|__undefined__,not_relevant|not_relevant|relevant|relevant|relevant,not_relevant|relevant|relevant|unknown|unknown|unknown|unknown,not_relevant|relevant|relevant|unknown|unknown,not_relevant|not_relevant|not_relevant|relevant,0
LISA21,traffic_light,attr:state,__undefined__|__undefined__|__undefined__,green|green|green|green|red,green|green|green|green|red|red|unknown,green|green|green|green|red,green|green|green|red,0
