sample_id,split,tags,reason
LISA05,example,normal,"Den ro rang ban ngay - positive example cho geometry + state + relevance"
LISA15,example,edge,"Frame chuyen state - day temporal rule + keyframe"
BDD18,example,edge,"Den ban dem loa - day visibility/occlusion rule"
LISA01,calibration,normal,"Bat dau clip - den ro rang, do tracking consistency"
LISA02,calibration,normal,"Frame lien tiep - do box drift"
LISA20,calibration,edge,"Den nho xa + den gan - do bat dong relevance + small object"
LISA21,calibration,edge,"Tiep LISA20 - do state transition consistency"
BDD10,calibration,edge,"City street nhieu den - do bat dong relevance"
BDD15,calibration,normal,"City street ban ngay den ro - baseline"
BDD02,blind,normal,"City street co ban - baseline test"
BDD12,blind,edge,"City street overcast nhieu den - test rule che khuat"
BDD25,blind,edge,"Dawn/dusk state kho doc - test visibility rule"
BDD26,blind,critical,"Night loa phan chieu - test relevance (neu sai xe se vuot den do)"
BDD13,blind,ambiguity,"City street nhieu den - test escalation path (khong biet den cho lan nao)"
